num,name,x,y,z
1,ACUaG,24.96293614,15.61726121,3.563222422
2,HfRHm,20.30432578,15.86892719,13.19477464
3,kqgoK,22.69892326,14.85049219,0.629946858
4,HHcqD,19.23257958,13.85006897,11.74460677
5,loSqz,21.56041493,12.94462002,19.21168816
6,bkXsk,18.08691125,17.29096211,10.945859
7,xrNgu,17.61390824,13.60957811,15.86220848
8,zAWrL,20.93875743,14.18013582,12.34104434
9,gpmma,19.97755609,15.4565079,8.507869973
10,IVLEU,20.95443643,12.72621414,9.243441634
